date,time,epoch,moteid,temperature,humidity,light,voltage
2004-03-13,23:51:03.147411,43066,29,21.2134,42.0489,8.28,2.51661
2004-02-29,13:40:20.180035,4405,26,22.5462,37.3679,1258.56,2.69964
2004-03-09,04:36:43.807919,29237,12,20.2432,39.2803,0.92,2.57108
2004-03-25,19:25:35.595073,40619,29,122.153,51.602,86.48,2.21612
2004-03-07,15:33:47.704555,24791,24,29.2396,29.4005,772.8,2.69964
2004-03-09,15:00:03.428342,30484,23,25.7704,37.4365,478.4,2.61639
2004-02-28,19:09:47.859884,2184,33,20.6744,37.4365,101.2,2.71196
2004-03-11,14:35:42.528874,3042,32,23.0264,34.188,1140.8,2.53812
2004-03-02,12:42:04.753899,10048,8,22.4972,30.8194,1847.36,2.69964
2004-03-07,13:02:42.346902,24489,9,25.5842,37.162,1847.36,2.71196
2004-02-29,15:44:25.497098,4653,46,19.8806,42.8521,104.88,2.50599
2004-03-23,06:33:33.662632,33315,21,122.153,37.6422,8.28,2.23278
2004-04-01,07:16:20.490581,59320,9,122.153,-4.0,1847.36,2.17553
2004-03-19,11:07:49.457058,58819,1,21.9386,43.6521,456.32,2.42416
2004-03-20,12:09:34.477592,61822,48,24.614,35.7494,655.04,2.4644
2004-03-06,02:14:38.993246,20313,52,19.3612,43.6853,0.92,2.58226
2004-02-28,15:15:50.026559,1716,42,25.0452,31.1727,1258.56,2.73696
2004-04-01,19:32:19.31718,60794,38,122.153,-4.0,158.24,2.048
2004-02-28,21:57:19.550572,2519,23,20.4882,37.6422,235.52,2.68742
2004-03-06,02:57:34.518914,20399,10,19.175,44.5151,60.72,2.59354
2004-02-28,12:59:18.037513,1443,8,22.6246,34.8139,1847.36,2.7244
2004-03-05,23:48:37.708469,20021,4,20.988,41.0067,101.2,2.58226
2004-03-03,09:00:56.465912,12486,35,23.9868,28.6163,964.16,2.61639
2004-03-20,16:47:22.15244,62378,30,25.8194,36.1983,772.8,2.4644
2004-03-16,17:58:18.154052,51000,16,122.153,14.5679,353.28,2.28431
2004-02-29,08:18:25.024166,3761,1,17.8912,42.4174,397.44,2.66332
2004-03-04,04:21:29.909606,14807,1,18.685,37.6422,0.92,2.63964
2004-03-23,15:32:00.595963,34392,34,122.153,45.2423,1847.36,2.32
2004-03-08,18:21:06.899209,28006,11,23.291,39.2123,537.28,2.59354
2004-03-18,14:53:47.215553,56391,23,21.8798,45.1433,264.96,2.4341
2004-03-03,05:36:58.871529,12078,7,18.538,30.2529,0.92,2.63964
2004-03-06,05:04:38.31378,20653,34,18.6556,45.6379,64.4,2.59354
2004-03-08,18:42:30.571916,28049,2,23.634,39.8913,136.16,2.60491
2004-03-11,22:44:28.036115,37173,14,22.4188,39.0082,108.56,2.56
2004-03-16,18:33:52.82694,51071,39,24.369,33.7,165.6,2.50599
2004-03-19,00:16:59.578072,57517,48,20.4,43.918,82.8,2.45421
2004-02-29,07:03:48.848423,3612,12,15.5588,48.7732,93.84,2.62796
2004-03-07,17:11:36.006974,24987,30,26.9856,34.0487,537.28,2.67532
2004-03-08,18:08:34.302161,27981,47,25.6332,34.7445,772.8,2.63964
2004-03-03,07:21:02.691498,12286,14,23.7222,24.6548,165.6,2.69964
2004-02-28,17:03:21.452473,1931,38,22.2326,34.536,294.4,2.66332
2004-04-01,17:12:20.892623,60512,37,122.153,-4.0,507.84,2.06222
2004-03-14,02:13:37.145598,43351,1,20.8508,42.183,15.64,2.50599
2004-03-20,22:24:54.173923,63053,35,122.153,16.6785,0.92,2.2497
2004-03-07,11:55:05.392649,24354,17,25.496,37.0933,596.16,2.56
2004-03-12,10:23:38.575504,38571,47,20.3314,46.8197,1670.72,2.51661
2004-03-24,10:19:18.875935,36646,2,122.153,29.1869,566.72,2.24121
2004-03-23,21:45:31.282705,35139,29,20.7822,44.7467,217.12,2.31097
2004-03-12,00:49:28.500505,37423,24,21.2036,39.3483,0.92,2.53812
2004-03-02,07:47:23.803844,9459,29,23.6634,32.159,235.52,2.68742
2004-03-06,11:20:07.115908,21404,46,22.9872,38.9401,294.4,2.47467
2004-02-29,00:53:23.041597,2871,46,17.95,41.3771,1.84,2.50599
2004-03-07,13:55:10.167377,24594,9,26.0644,35.853,1847.36,2.7244
2004-03-29,01:46:36.478062,50020,46,122.153,-4.0,150.88,2.048
2004-03-11,22:11:08.140391,37106,9,21.4388,41.814,1.38,2.58226
2004-03-13,22:55:03.803544,42954,10,21.086,44.1172,2.3,2.50599
2004-03-31,15:03:46.737488,57377,23,122.153,-4.0,537.28,2.11359
2004-03-01,19:40:29.500692,8005,9,20.7822,41.1751,1.84,2.74963
2004-02-29,18:45:21.112085,5015,7,19.4494,41.7133,104.88,2.67532
2004-03-19,21:13:50.52402,60031,32,20.7332,45.9997,121.44,2.39484
2004-03-03,01:08:54.871084,11542,54,17.1366,33.0709,0.46,2.61639
2004-03-20,14:57:22.860171,62158,31,28.926,30.2884,1258.56,2.49546
2004-03-09,00:26:05.741008,28736,44,23.438,35.0222,41.4,2.61639
2004-03-02,04:20:29.681921,9045,16,15.304,49.5167,0.92,2.57108
2004-03-09,18:26:07.963323,30896,4,22.6344,44.9121,60.72,2.54901
2004-03-08,01:44:34.261259,26013,46,22.8108,39.2803,71.76,2.45421
2004-03-07,19:19:38.059773,25243,48,25.6724,36.6807,114.08,2.67532
2004-03-09,02:36:01.407415,28996,36,22.0856,38.7016,0.46,2.59354
2004-03-17,06:42:42.40051,52529,25,21.4976,33.4206,75.44,2.4644
2004-03-05,20:04:06.488896,19572,47,21.5564,41.8476,114.08,2.62796
2004-03-01,13:57:02.256521,7318,9,26.2114,35.2995,1670.72,2.80151
2004-02-29,04:42:52.35224,3330,14,16.4506,45.934,0.46,2.66332
2004-04-01,13:37:48.842306,60085,43,122.153,-4.0,802.24,2.05509
2004-03-08,10:03:03.861298,27010,47,19.3906,54.2302,1847.36,2.58226
2004-03-04,05:37:57.557584,14960,51,16.235,43.918,0.46,2.59354
2004-03-04,22:55:04.293087,17034,52,19.7042,40.973,20.24,2.60491
2004-03-21,15:37:51.571794,65118,2,23.3008,44.2168,202.4,2.36622
2004-03-12,01:25:28.527585,4336,26,20.8312,41.478,0.92,2.52732
2004-03-20,03:17:53.113113,60759,36,19.8316,42.8855,93.84,2.39484
2004-03-07,12:22:12.424007,24408,10,24.5454,39.62,655.04,2.62796
2004-03-05,19:24:07.123346,19492,39,22.1738,41.5116,172.96,2.63964
2004-03-05,09:40:03.913626,18324,42,23.6536,32.7907,964.16,2.65143
2004-03-11,22:33:36.688835,37151,34,21.6544,40.6693,64.4,2.52732
2004-03-03,14:10:26.105855,13105,51,20.7528,36.3707,250.24,2.65143
2004-03-26,20:52:21.538957,43672,54,122.153,-3.91901,0.92,2.17553
2004-03-03,03:08:26.907015,11781,4,19.3612,30.3947,4.6,2.61639
2004-02-29,12:29:25.968891,4263,38,21.3408,37.5737,743.36,2.65143
2004-03-20,08:41:27.381394,61406,54,18.391,43.3858,1847.36,2.35683
2004-03-15,05:05:36.926734,46575,25,20.7528,42.116,97.52,2.48502
2004-03-27,21:52:41.089464,46673,23,122.153,-3.91901,165.6,2.19159
2004-03-23,01:07:46.591652,32663,38,122.153,50.7707,5.06,2.27556
2004-03-15,06:45:09.930405,46774,36,20.4196,45.7695,309.12,2.47467
2004-03-22,23:24:28.30684,32457,34,122.153,51.5063,82.8,2.32
2004-03-28,19:03:46.967998,49215,14,122.153,-4.0,43.24,2.21612
2004-03-06,08:48:02.932689,21100,26,23.928,34.9875,1258.56,2.63964
2004-04-01,06:55:48.196288,59279,29,122.153,-3.91901,121.44,2.02703
2004-02-29,20:03:52.650762,5172,47,17.95,46.3937,101.2,2.63964
2004-03-20,08:45:38.331305,61414,46,28.1616,38.3263,397.44,2.25825
2004-02-29,15:31:26.965615,4627,52,19.8708,43.4524,104.88,2.63964
2004-03-12,18:11:11.093506,39506,21,23.3988,40.7706,121.44,2.52732
2004-03-13,15:37:15.230688,42078,18,122.153,114.824,353.28,2.16759
2004-03-04,18:51:33.296514,16547,11,22.0072,41.3098,507.84,2.61639
2004-03-17,13:39:16.018611,53362,45,20.9978,41.814,861.12,2.45421
2004-03-08,00:03:11.666835,25810,44,22.9676,39.5181,5.06,2.62796
2004-03-05,18:14:38.540864,19353,4,21.9974,41.2425,101.2,2.59354
2004-03-14,19:48:05.38256,45460,32,17.0288,59.3711,108.56,2.4644
2004-03-03,02:04:56.945842,11654,25,19.1652,29.7205,0.46,2.63964
2004-03-19,13:48:32.246887,59140,45,23.0166,42.9856,920.0,2.44412
2004-03-06,13:01:43.21444,21607,17,25.8096,34.0139,713.92,2.56
2004-03-29,14:17:18.164171,51522,38,122.153,-4.0,1847.36,2.1997
2004-03-28,16:53:21.550348,48954,30,122.153,-3.91901,964.16,2.1997
2004-03-15,10:04:08.535268,47172,38,25.006,35.853,1435.2,2.50599
2004-03-03,02:24:24.971802,11693,29,19.028,29.9691,0.46,2.63964
2004-03-02,00:13:29.23804,8551,19,19.4004,40.5342,143.52,2.65143
2004-03-25,10:14:35.148747,39517,29,122.134,48.7084,150.88,2.21612
2004-04-01,12:04:19.732235,59896,44,122.153,-4.0,1023.04,2.09127
2004-03-10,02:28:02.433887,31861,16,21.1644,43.6853,0.92,2.54901
2004-03-25,06:51:04.765408,39110,30,122.153,17.2034,121.44,2.21612
2004-03-12,01:07:28.440148,37459,53,19.616,45.7037,0.46,2.50599
2004-03-10,04:21:40.239006,32087,3,21.5172,39.1443,2.3,2.58226
2004-03-23,18:40:45.726091,34769,46,122.153,11.2925,57.04,2.18353
2004-03-08,19:03:00.566379,28090,10,23.0656,40.7706,75.44,2.59354
2004-03-02,01:08:00.241576,8660,40,18.2048,42.8521,0.92,2.65143
2004-03-06,21:17:11.341226,22598,49,22.0758,42.0154,136.16,2.61639
2004-03-21,01:53:00.962301,63469,11,19.7336,48.4815,0.92,2.27556
2004-03-16,20:33:11.532327,51310,23,24.7414,32.7206,224.48,2.49546
2004-03-20,13:06:21.691904,61936,48,25.986,34.188,743.36,2.47467
2004-03-26,08:08:36.82497,42145,33,122.153,-4.0,294.4,2.1997
2004-03-28,21:27:27.878253,49502,33,122.153,-3.91901,128.8,2.20788
2004-03-06,14:53:38.63154,21831,18,25.2314,35.7494,478.4,2.44412
2004-03-14,02:41:35.335206,43407,33,20.5764,42.5847,35.88,2.51661
2004-03-09,01:18:01.124121,28840,12,21.3702,38.5993,0.92,2.58226
2004-03-09,05:42:32.242431,29369,35,21.3114,39.2123,0.46,2.53812
2004-02-28,19:59:50.282963,2284,42,19.2338,40.7706,3.68,2.68742
2004-03-14,06:59:52.652582,43923,47,19.0378,46.9505,368.0,2.48502
2004-03-07,10:43:05.463748,24210,39,27.0248,33.7698,456.32,2.67532
2004-03-12,13:51:29.452574,38987,25,29.3768,28.7591,1847.36,2.60491
2004-03-19,02:49:22.901878,57822,47,19.1162,47.0159,0.46,2.41431
2004-03-03,04:36:31.557745,11957,42,17.0288,30.9254,0.46,2.61639
2004-03-19,05:34:49.191019,58153,41,17.9794,48.2218,0.46,2.38522
2004-03-20,07:48:51.23599,61301,34,21.0664,37.3679,1376.32,2.40453
2004-03-30,13:30:14.767784,54308,26,122.153,-3.91901,1847.36,2.14412
2004-03-31,18:05:51.169549,57739,9,122.153,-4.0,890.56,2.21612
2004-03-18,18:05:50.29495,56775,34,20.2824,49.2908,195.04,2.42416
2004-03-09,22:10:37.016013,31345,50,21.8602,46.3937,35.88,2.58226
2004-03-21,16:58:25.600981,65280,21,69.7528,45.2423,114.08,2.32
2004-03-19,14:43:19.946685,59250,44,26.1624,37.8134,1376.32,2.47467
2004-03-23,05:32:43.661338,33193,46,122.114,21.0683,1.38,2.15188
2004-03-14,10:15:07.072972,44314,46,22.8402,41.6797,309.12,2.38522
2004-03-18,19:08:25.29638,56900,40,22.5756,42.5847,150.88,2.45421
2004-03-02,09:08:08.671768,9620,13,24.0064,33.1409,890.56,2.67532
2004-03-23,11:55:37.623176,33959,48,21.7524,46.1312,684.48,2.36622
2004-03-14,22:25:36.070623,45775,7,23.8006,36.2328,11.96,2.53812
2004-03-19,21:31:50.027333,60067,34,21.1644,45.3083,75.44,2.42416
2004-03-02,10:19:24.17459,9763,33,25.7704,29.2581,831.68,2.7244
2004-03-07,15:09:39.704481,24743,39,29.4454,31.3139,323.84,2.69964
2004-03-10,02:57:03.383474,31918,20,22.164,40.568,0.46,2.58226
2004-03-13,14:58:15.780405,42000,3,27.7598,34.2229,279.68,2.59354
2004-03-01,10:07:24.210489,6859,3,23.5556,35.9221,150.88,2.71196
2004-03-08,18:57:34.707418,28079,36,24.6532,38.6675,60.72,2.61639
2004-03-22,07:08:27.444029,30505,31,17.0582,53.7581,90.16,2.32
2004-03-19,01:55:31.407184,57714,10,19.5572,46.3281,0.92,2.41431
2004-03-07,13:44:05.092765,24572,31,30.5332,27.7578,1670.72,2.71196
2004-03-07,11:11:10.402388,24266,1,26.9562,32.2293,625.6,2.67532
2004-03-05,15:17:07.376836,18998,52,21.8014,42.9856,323.84,2.60491
2004-03-20,22:09:53.757734,63023,17,122.153,-3.91901,0.46,2.07664
2004-03-12,03:02:37.682652,37689,51,20.0668,43.0858,0.46,2.51661
2004-03-03,07:30:26.309092,12305,30,24.4572,24.6548,743.36,2.69964
2004-03-19,13:28:48.857577,59101,9,23.0852,42.8521,1847.36,2.50599
2004-03-25,19:20:42.625347,40609,9,49.1532,53.4427,114.08,2.32
2004-03-17,05:10:55.286643,52345,48,21.7818,32.6505,0.46,2.49546
2004-03-21,16:15:56.228081,65195,48,25.0256,39.4162,1199.68,2.44412
2004-03-09,15:52:17.885966,30588,10,21.3506,48.449,397.44,2.57108
2004-02-28,04:26:46.536992,418,41,17.3816,40.4328,368.0,2.65143
2004-03-05,22:22:09.40555,19848,36,20.3608,44.7798,57.04,2.60491
2004-03-11,22:06:33.858777,37097,45,22.4384,38.258,93.84,2.53812
2004-03-07,01:48:36.579961,23141,41,20.0276,44.084,50.6,2.59354
2004-03-01,09:55:04.225177,6834,4,24.0162,35.5072,165.6,2.68742
2004-02-28,12:29:18.696253,1383,47,23.1342,34.536,1847.36,2.71196
2004-03-11,17:22:37.330017,36529,16,19.7042,46.9505,861.12,2.4341
2004-03-09,13:20:32.157433,30285,10,21.8112,46.0655,537.28,2.58226
2004-03-20,23:08:09.793609,63139,34,21.2232,44.2499,0.92,2.40453
2004-03-21,14:22:54.622873,64969,53,23.1832,43.6188,1847.36,2.38522
2004-03-11,12:51:43.74092,35987,43,24.7316,30.182,684.48,2.54901
2004-03-13,16:16:37.483209,42157,16,25.349,39.1783,1847.36,2.50599
2004-03-01,13:58:53.209823,7322,49,18.8908,51.0589,478.4,2.65143
2004-03-14,10:39:39.50324,44363,7,24.026,38.9401,309.12,2.53812
2004-02-29,03:15:22.154205,3155,36,17.6952,44.5813,71.76,2.66332
2004-02-29,04:03:03.095639,3250,7,18.2734,41.1078,97.52,2.66332
2004-03-23,07:05:59.121253,33380,9,17.7344,52.3659,121.44,2.38522
2004-03-17,03:26:12.253924,52136,35,22.5952,34.7445,0.92,2.37568
2004-03-01,13:31:21.911907,7267,25,31.4544,26.5359,1081.92,2.77533
2004-03-20,11:04:27.829713,61692,46,28.8476,35.7494,353.28,2.28431
2004-03-28,09:59:42.65924,48127,31,122.153,-4.0,1847.36,2.23278
2004-03-02,11:49:04.611731,9942,48,22.311,30.9961,537.28,2.67532
2004-03-16,20:20:41.841863,51285,7,23.2616,35.438,11.96,2.49546
2004-03-07,04:21:34.260077,23447,37,20.7038,44.2499,187.68,2.60491
2004-03-09,19:56:06.213983,31076,9,22.0268,47.1793,1.84,2.65143
2004-03-28,04:32:18.706397,47472,41,122.153,-3.91901,60.72,2.15971
2004-03-16,15:48:51.785338,50741,45,21.3604,36.6118,1847.36,2.47467
2004-03-26,20:48:38.756972,43665,24,122.153,-3.91901,104.88,2.21612
2004-03-17,06:48:42.150297,52541,26,21.184,35.438,101.2,2.4644
2004-02-29,23:18:57.776058,5562,11,18.0284,45.8024,2.3,2.52732
2004-03-09,23:13:30.734776,31471,13,21.3996,47.4079,101.2,2.57108
2004-03-22,14:44:57.432198,31418,3,21.7818,46.6887,323.84,2.36622
2004-03-03,22:53:29.287015,14151,11,20.89,36.6463,507.84,2.65143
2004-03-04,20:19:28.978883,16723,47,20.6058,40.4328,114.08,2.63964
2004-03-07,19:02:49.302655,25209,29,24.9472,37.3679,187.68,2.63964
2004-03-22,21:59:28.281814,32287,2,25.349,48.5139,180.32,2.30202
2004-03-07,22:38:15.909022,25640,22,22.9774,39.7557,90.16,2.56
2004-03-18,05:31:15.209439,55266,6,20.8606,41.9147,0.92,2.34751
2004-03-06,00:43:01.930813,20130,29,19.3024,44.6475,172.96,2.60491
2004-03-20,05:16:51.515631,60997,29,19.2534,40.8381,202.4,2.38522
2004-03-28,18:12:13.042949,49112,32,122.153,-4.0,180.32,2.1997
2004-03-06,00:48:35.539221,20141,22,19.42,43.2525,82.8,2.54901
2004-03-12,23:11:37.51324,40107,12,18.9496,50.0966,0.92,2.49546
2004-03-14,01:46:36.865451,43297,44,20.253,44.3825,0.92,2.50599
2004-03-08,13:01:07.938626,27366,51,21.38,46.2953,655.04,2.59354
2004-03-28,00:04:17.085221,46936,3,122.153,-3.91901,45.08,2.1997
2004-03-09,16:58:03.217291,30720,31,21.8112,46.0655,478.4,2.59354
2004-03-10,01:44:38.564883,31773,41,22.0072,42.183,0.46,2.58226
2004-03-16,20:28:11.537202,51300,29,24.3592,33.5604,195.04,2.50599
2004-03-05,00:10:02.818696,17184,13,19.175,41.7805,2.3,2.60491
2004-03-04,01:28:03.726893,14460,19,19.5768,37.7107,0.46,2.62796
2004-03-07,08:23:07.10874,23930,27,22.3404,38.8039,128.8,2.61639
2004-03-19,07:41:52.826218,58407,47,18.391,48.4166,1140.8,2.39484
2004-03-17,13:05:15.673716,53294,45,20.8704,41.5789,713.92,2.45421
2004-03-07,15:58:35.283998,24841,52,28.5634,32.4049,235.52,2.65143
2004-03-23,13:35:59.576283,34160,6,1.731,-3.91901,1199.68,2.20788
2004-03-13,09:18:08.013301,41320,43,24.8198,35.0222,655.04,2.54901
2004-03-06,13:17:33.557787,21639,27,29.318,28.0443,368.0,2.69964
2004-03-09,19:45:16.395091,31054,25,23.8888,41.1078,101.2,2.60491
2004-03-16,23:44:22.946686,51692,41,23.1832,32.0887,53.36,2.47467
2004-03-22,03:44:38.050039,30097,24,98.1434,53.7581,1.38,2.32
2004-03-13,08:26:40.832785,41217,23,24.9668,33.8744,566.72,2.53812
2004-03-04,23:25:05.486554,17094,22,20.743,37.0246,90.16,2.60491
2004-03-03,23:45:27.735992,14255,26,20.302,37.7107,9.2,2.66332
2004-03-03,10:55:30.638426,12715,10,25.3098,26.4278,831.68,2.68742
2004-03-20,12:37:30.855246,61878,3,27.3286,30.8194,382.72,2.47467
2004-03-19,10:22:25.580605,58728,4,22.7422,42.0489,353.28,2.40453
2004-03-06,21:46:36.750378,22657,3,22.2032,40.2299,50.6,2.62796
2004-03-01,02:25:56.970165,5936,1,18.0088,44.7798,43.24,2.65143
2004-03-15,06:57:09.002811,46798,39,20.9684,43.7851,235.52,2.49546
2004-03-31,09:26:47.039135,56701,23,122.153,-4.0,655.04,2.09866
2004-03-12,02:15:58.390606,37596,48,20.4784,42.4844,0.46,2.53812
2004-03-07,23:25:42.10434,25735,48,23.5752,39.2123,114.08,2.65143
2004-03-25,22:21:17.509976,40970,7,122.153,-3.91901,121.44,2.22442
2004-02-28,08:52:47.143934,950,45,18.5968,37.4022,861.12,2.68742
2004-03-16,22:07:48.62601,51499,9,22.9088,35.853,1.38,2.56
2004-03-04,10:11:02.591525,15506,46,21.7426,33.4905,279.68,2.49546
2004-03-19,18:59:51.836465,59763,17,122.153,-3.91901,121.44,2.12114
2004-03-13,19:06:02.43634,42496,44,24.9668,37.5737,37.72,2.57108
2004-03-27,17:41:40.184876,46171,37,122.153,-3.91901,478.4,2.1997
2004-03-11,10:25:10.255086,35694,17,23.2616,34.0487,890.56,2.42416
2004-03-10,04:57:12.109167,32158,3,21.478,38.0871,2.3,2.58226
2004-03-05,18:31:09.146521,19386,19,22.7814,38.872,75.44,2.63964
2004-03-01,07:55:22.057785,6595,33,20.106,41.5116,121.44,2.67532
2004-03-01,21:36:23.130201,8237,14,20.2432,41.4444,114.08,2.69964
2004-02-29,03:09:52.368365,3144,35,18.3028,43.0524,165.6,2.61639
2004-03-03,12:11:58.475671,12868,1,23.3792,28.1159,136.16,2.68742
2004-03-20,13:15:27.795818,61954,19,122.153,-4.0,426.88,2.33827
2004-03-05,02:06:34.611639,17417,53,17.9794,43.7518,3.22,2.59354
2004-03-01,13:50:31.189746,7305,22,31.6896,25.8503,235.52,2.78836
2004-03-11,12:53:09.663712,35990,22,32.7088,19.1434,684.48,2.65143
2004-03-07,21:05:11.166161,25454,38,23.8692,38.497,195.04,2.61639
2004-03-10,02:40:14.828412,31884,45,21.7622,39.3483,0.46,2.58226
2004-03-03,14:48:31.2526,13181,23,30.4254,21.3631,235.52,2.74963
2004-03-19,11:49:49.767406,58903,17,122.153,-3.91901,772.8,2.12114
2004-03-30,19:42:15.170652,3691,31,122.153,-3.91901,68.08,2.04096
2004-02-28,17:56:47.748119,2038,3,21.3408,36.4741,53.36,2.69964
2004-03-03,22:29:26.991009,14103,32,20.841,36.5085,121.44,2.65143
2004-03-01,15:41:34.985726,7527,23,29.563,27.6861,279.68,2.77533
2004-03-22,19:28:58.771363,31986,25,21.9974,46.656,104.88,2.32
2004-03-28,03:33:41.918178,47355,34,122.153,-3.91901,86.48,2.17553
2004-03-07,23:50:36.1816,25785,27,23.095,39.62,82.8,2.62796
2004-03-12,03:32:09.606319,37748,47,19.9198,43.8515,0.46,2.51661
2004-03-19,08:32:24.129832,58508,42,20.2628,43.7851,478.4,2.40453
2004-03-14,20:45:35.91375,45575,53,23.5262,38.3946,0.46,2.52732
2004-03-06,08:36:02.871066,21076,30,22.7912,37.0246,1847.36,2.62796
2004-03-13,08:38:31.396896,41241,10,21.1938,42.9856,537.28,2.50599
2004-03-11,23:23:28.249146,37251,19,22.801,37.2993,150.88,2.52732
2004-03-19,18:27:00.414473,59697,49,23.8496,40.0945,128.8,2.4341
2004-03-01,16:18:59.064349,7602,24,30.2294,26.0671,309.12,2.80151
2004-02-29,01:33:24.535747,2951,46,17.6854,41.8812,1.84,2.50599
2004-03-21,07:44:37.987659,64172,41,18.9986,46.3281,30.36,2.35683
2004-03-06,08:59:38.452747,21123,49,19.1848,43.918,596.16,2.58226
2004-03-18,19:49:47.084976,56983,3,21.6544,44.3494,39.56,2.45421
2004-03-08,22:05:04.163965,28454,43,24.124,34.6055,114.08,2.61639
2004-03-25,22:25:08.763574,40978,3,122.153,11.4457,60.72,2.22442
2004-03-16,22:39:12.409917,51562,41,23.3694,32.7907,53.36,2.47467
2004-03-10,08:42:08.241022,32609,16,21.3898,35.4726,1847.36,2.53812
2004-03-21,10:13:24.190505,64470,52,19.616,45.4402,136.16,2.3291
2004-03-04,05:53:30.796979,14991,42,16.4604,43.1858,0.46,2.59354
2004-03-07,02:07:36.975799,23179,42,19.4494,45.5061,11.04,2.59354
2004-03-07,06:44:48.002525,23734,16,17.3228,50.5784,108.56,2.53812
2004-03-17,04:25:42.038417,52255,41,21.5956,32.9308,0.46,2.4644
2004-03-09,09:22:02.717958,29808,18,122.153,0.81968,478.4,2.32
2004-03-03,02:31:57.772189,11708,47,18.489,29.4717,0.46,2.63964
2004-03-05,17:47:34.115344,19299,7,21.4682,41.6797,150.88,2.62796
2004-03-08,20:51:01.183203,28306,27,24.8198,34.3969,71.76,2.62796
2004-03-04,12:26:28.760715,15777,7,22.3404,33.6302,235.52,2.65143
2004-03-19,21:37:50.853157,60079,1,21.135,43.7518,46.92,2.41431
2004-03-27,21:04:41.230245,46577,24,122.153,-3.91901,121.44,2.20788
2004-03-13,16:59:32.155335,42243,17,25.4372,37.2993,566.72,2.45421
2004-03-09,12:15:11.425062,30154,9,23.0362,43.1191,1847.36,2.66332
2004-03-25,01:50:34.235263,38509,26,122.153,-3.91901,0.92,2.23278
2004-03-01,08:23:51.238123,6652,23,24.2906,33.4556,294.4,2.69964
2004-04-01,04:07:48.056733,58943,44,122.153,-3.91901,0.46,2.048
2004-03-23,21:41:31.429581,35131,3,22.7912,45.0442,57.04,2.32
2004-03-31,16:18:17.338918,57526,25,122.153,-4.0,964.16,2.11359
2004-03-13,10:15:39.884269,41435,11,22.3992,44.0176,1199.68,2.50599
2004-03-28,19:25:47.032201,49259,53,122.153,-3.91901,0.46,2.18353
2004-04-01,05:20:48.184225,59091,24,122.153,-3.91901,1.38,2.048
2004-02-28,06:05:46.965588,616,23,17.4698,38.872,217.12,2.66332
2004-03-23,07:56:59.238209,33482,54,122.153,51.7614,713.92,2.25825
2004-03-21,13:57:25.066166,64918,22,24.4964,40.1961,831.68,2.36622
2004-03-01,05:01:51.141498,6248,29,16.6172,48.3841,150.88,2.62796
2004-03-12,21:12:10.654646,39868,9,20.9096,46.3609,1.38,2.58226
2004-03-05,12:29:35.733392,18663,34,21.6642,39.1103,1552.96,2.62796
2004-03-23,13:05:00.723198,34098,27,122.153,39.7896,250.24,2.32
2004-03-07,19:38:12.923032,25280,41,24.908,37.0933,50.6,2.63964
2004-03-26,07:49:15.481089,42106,54,122.153,-3.83804,802.24,2.14412
2004-03-20,04:43:02.345964,60929,40,19.4004,39.7896,150.88,2.38522
2004-03-03,19:10:27.329673,13705,16,22.8402,34.7445,30.36,2.61639
2004-03-05,16:28:39.883556,19141,33,24.3004,35.7494,368.0,2.67532
2004-03-06,14:34:32.911853,21793,29,28.5144,29.2225,655.04,2.69964
2004-03-01,09:22:21.410054,6769,26,22.1738,39.6878,250.24,2.68742
2004-03-09,16:25:03.684637,30654,10,21.8798,47.6361,338.56,2.57108
2004-03-12,03:50:28.564261,37785,51,19.861,43.2191,0.46,2.51661
2004-03-01,03:13:21.996039,6031,10,18.2538,45.0442,53.36,2.65143
2004-03-05,04:41:31.19824,17727,19,18.6654,39.3143,34.04,2.60491
2004-02-28,10:27:47.440567,1140,41,23.536,31.0314,1670.72,2.71196
2004-03-25,15:40:15.285288,40168,2,122.153,-3.91901,180.32,2.20788
2004-03-17,03:31:18.42677,52146,47,22.213,32.7206,0.46,2.47467
2004-03-23,05:59:31.01292,33247,1,45.4292,49.6135,2.3,2.28431
2004-03-08,22:01:12.686581,28446,11,22.8598,37.8819,3.68,2.50599
2004-03-29,00:59:15.295325,49926,51,122.153,-3.91901,209.76,2.16759
2004-03-08,11:28:00.489115,27180,29,25.7704,36.6463,964.16,2.63964
2004-03-23,07:05:38.438522,33379,49,122.153,33.979,41.4,2.2497
2004-03-07,03:53:38.940982,23391,8,19.8316,42.6516,114.08,2.60491
2004-03-15,00:17:07.374667,45998,38,21.3016,43.0524,195.04,2.47467
2004-03-06,16:03:38.336905,21971,3,25.594,34.7445,187.68,2.66332
2004-03-17,22:02:27.227291,54368,45,22.4482,39.2463,64.4,2.47467
2004-03-07,22:27:11.746456,25618,42,23.0166,40.1622,11.04,2.62796
2004-03-19,10:50:52.039767,58785,21,24.3004,38.258,353.28,2.40453
2004-04-01,18:44:19.622555,60698,30,122.153,-4.0,128.8,2.08393
2004-04-01,21:55:52.13735,61081,7,122.153,-4.0,136.16,2.07664
2004-03-06,15:35:04.671587,21914,1,25.8684,33.9093,294.4,2.66332
2004-03-07,05:05:12.784288,23534,43,19.4984,43.7851,28.52,2.59354
2004-03-09,17:40:33.323363,30805,3,22.458,44.3825,86.48,2.60491
2004-03-14,05:40:36.905005,43765,18,1.731,-3.91901,0.46,2.07664
2004-03-01,05:04:29.563823,6253,44,15.6568,50.7707,1.84,2.62796
2004-03-16,21:31:56.888085,51427,41,23.5752,33.3507,53.36,2.48502
2004-03-09,02:29:33.076228,28983,2,22.3404,37.4365,9.2,2.58226
2004-03-03,15:52:57.171191,13310,31,28.6908,24.8,684.48,2.74963
2004-03-09,08:33:10.089782,29710,21,33.2772,21.5103,323.84,2.68742
2004-03-17,14:38:14.86725,53480,24,22.9284,37.0933,1081.92,2.47467
2004-03-08,08:32:36.103225,26829,33,27.2502,32.5102,890.56,2.67532
2004-03-11,20:11:32.657547,36867,1,22.6344,38.2922,43.24,2.53812
2004-03-11,15:25:09.430222,36294,43,23.3596,35.8185,441.6,2.53812
2004-03-08,04:16:03.455933,26316,38,21.3212,40.7706,195.04,2.58226
2004-03-01,17:02:38.14416,7689,44,22.458,40.8381,831.68,2.69964
2004-02-29,09:26:49.164928,3898,1,20.5568,37.6422,353.28,2.68742
2004-03-27,18:01:41.145333,46211,30,122.153,-3.91901,338.56,2.19159
2004-03-18,02:35:49.537868,54915,2,21.3212,41.4444,8.28,2.42416
2004-03-13,23:03:43.37176,42971,43,22.1248,40.7706,10.12,2.52732
2004-03-28,21:22:55.263167,49493,10,122.153,-3.91901,5.98,2.17553
2004-02-29,18:30:20.779071,4985,4,19.8806,41.8476,97.52,2.62796
2004-03-19,14:32:49.815153,59229,11,22.2718,46.0655,1788.48,2.40453
2004-03-19,21:16:32.739727,60036,38,35.5116,43.918,235.52,2.32
2004-03-17,06:41:16.818394,52526,37,22.0072,36.3362,50.6,2.4644
2004-02-29,22:52:20.575102,5509,34,17.9598,45.1433,60.72,2.65143
2004-03-15,07:29:36.955522,13704,26,21.9484,44.4157,596.16,2.49546
2004-03-02,23:49:26.243355,11383,54,17.3424,33.3507,0.46,2.61639
2004-03-21,07:28:55.140666,64141,43,20.3216,45.5061,19.32,2.35683
2004-03-07,00:40:12.8064,23004,34,20.5176,43.2191,64.4,2.60491
2004-03-18,16:42:16.986328,56608,25,23.3498,39.0082,596.16,2.45421
2004-03-29,23:07:50.213093,52583,36,122.153,-3.91901,114.08,2.14412
2004-03-15,05:22:12.225099,46608,22,20.8802,42.4509,90.16,2.42416
2004-02-29,07:41:48.865224,3688,37,17.7736,46.0655,294.4,2.66332
2004-03-20,09:06:21.197372,61456,38,63.9414,30.0401,1670.72,2.3291
2004-03-13,18:37:15.366519,42438,23,24.3788,38.5311,0.92,2.53812
2004-03-26,04:09:47.975038,41667,4,122.153,-3.91901,5.52,2.15188
2004-03-24,02:46:03.453703,35740,2,122.153,40.0268,4.14,2.2497
2004-03-26,23:08:38.775407,43945,1,122.153,-3.91901,50.6,2.19159
2004-03-12,13:41:38.15996,38967,2,22.2032,44.2499,478.4,2.51661
2004-03-13,22:16:15.08402,42876,16,19.9786,48.0918,0.92,2.44412
2004-03-09,19:18:11.032677,31000,1,22.752,44.3162,39.56,2.60491
2004-03-08,11:28:31.010848,27181,7,20.498,49.8713,412.16,2.59354
2004-03-03,08:55:55.543961,12476,2,25.1726,25.9587,309.12,2.67532
2004-03-20,16:19:26.018057,62322,44,31.1212,27.4709,831.68,2.51661
2004-03-04,06:58:29.829548,15121,27,18.0088,39.1783,11.04,2.62796
2004-02-28,23:56:18.141113,2757,10,19.2436,40.5004,57.04,2.67532
2004-03-13,14:18:14.883839,41920,48,27.995,35.2995,1081.92,2.59354
2004-03-12,12:57:12.095003,38878,54,23.1636,41.3435,1847.36,2.53812
2004-03-08,06:48:12.408768,26620,26,20.3412,44.5482,165.6,2.59354
2004-03-16,18:32:22.165041,51068,48,24.124,33.3857,82.8,2.51661
2004-03-14,03:07:37.636329,43459,3,20.645,43.0524,18.4,2.50599
2004-03-05,09:29:30.566118,18303,45,22.0072,35.438,772.8,2.65143
2004-03-01,08:00:29.326196,6605,45,19.6356,41.9818,86.48,2.65143
2004-03-10,04:56:42.446679,32157,6,21.2722,38.497,0.92,2.53812
2004-03-08,15:03:30.967533,27611,1,22.3894,42.6516,279.68,2.60491
2004-03-29,03:36:44.751722,50241,24,122.153,-3.91901,1.84,2.17553
2004-02-28,22:36:23.280827,2597,47,18.3028,42.5847,0.46,2.66332
2004-03-07,05:28:04.445661,23580,42,18.636,46.0655,11.04,2.58226
2004-03-18,05:10:50.759222,55225,51,19.8414,44.7137,0.46,2.42416
2004-04-02,01:46:53.862939,61542,25,-16.4872,22.3187,0.46,1.96013
2004-03-08,07:59:40.574594,26763,38,22.0954,41.8812,625.6,2.58226
2004-03-26,18:16:37.866396,43361,26,122.153,-3.91901,114.08,2.21612
2004-04-01,12:47:19.349204,59982,43,122.153,-4.0,890.56,2.06222
2004-03-12,12:47:59.52049,38860,21,27.1032,33.0709,338.56,2.56
2004-03-06,13:56:40.924722,21717,8,24.8296,35.8185,1847.36,2.65143
2004-03-02,08:48:56.837319,9582,43,27.1816,27.5426,397.44,2.73696
2004-03-11,19:08:39.985354,36741,49,23.3106,36.3362,101.2,2.53812
2004-03-06,11:46:08.807047,21456,47,24.222,37.3679,1494.08,2.65143
2004-03-13,10:19:10.338431,41442,21,27.5736,31.7368,456.32,2.56
2004-03-02,09:15:29.666867,9634,45,27.3286,26.68,772.8,2.7244
2004-03-11,12:16:10.041144,35916,14,23.732,33.3507,397.44,2.56
2004-03-08,09:49:30.293457,26983,49,20.988,47.212,1317.44,2.58226
2004-03-07,22:43:43.334202,25651,36,23.3596,41.2425,57.04,2.61639
2004-03-01,21:13:02.435434,8190,20,20.7822,41.8476,32.2,2.68742
2004-03-02,21:06:59.955839,11058,40,21.0958,28.7591,143.52,2.66332
2004-03-11,16:58:59.451026,36482,17,22.4972,39.2463,596.16,2.35683
2004-03-01,01:31:27.18255,5827,43,17.2444,47.212,26.68,2.63964
2004-03-21,08:40:23.87012,64284,46,59.3158,44.3162,57.04,2.22442
2004-03-05,00:49:29.346477,17263,10,19.7042,40.2976,60.72,2.61639
2004-03-19,17:47:49.435821,59619,34,20.4098,48.9675,456.32,2.41431
2004-03-12,00:50:39.705071,37425,36,20.9096,42.9856,1.38,2.51661
2004-03-07,04:03:40.561528,23411,6,20.2334,42.183,114.08,2.56
2004-03-21,13:45:04.166636,64893,41,25.9174,35.0568,1317.44,2.41431
2004-03-20,22:21:33.357433,63046,27,21.5466,44.1836,0.46,2.37568
2004-03-31,21:40:47.472247,58169,42,122.153,-4.0,456.32,2.07664
2004-02-28,22:04:48.190315,2534,15,19.4788,40.9055,136.16,2.47467
2004-03-08,13:57:37.825313,27479,44,24.4768,40.0268,1788.48,2.61639
2004-03-23,04:51:34.200467,33111,46,118.488,23.1243,1.38,2.15971
2004-03-08,13:49:00.04262,27463,16,21.1546,48.9675,1847.36,2.56
2004-02-28,17:59:19.932555,2043,36,21.478,38.7357,82.8,2.71196
2004-04-01,04:36:18.031985,59002,24,122.153,-3.91901,1.38,2.05509
2004-03-26,11:18:49.326083,42525,10,122.153,-3.91901,1023.04,2.20788
2004-03-02,18:09:55.482725,10662,52,22.4286,29.0444,108.56,2.65143
2004-03-04,23:12:36.717521,17069,21,21.0468,36.6807,104.88,2.63964
2004-03-31,03:41:15.636626,56010,36,122.153,-3.91901,0.92,2.06941
2004-03-02,11:47:41.295812,9939,18,23.7712,30.5363,478.4,2.50599
2004-03-09,19:02:16.249791,30968,20,23.536,44.1836,28.52,2.60491
2004-03-11,22:01:34.868502,37087,49,21.9876,39.1443,101.2,2.52732
2004-03-26,06:08:06.952377,41904,29,122.153,25.199,8.28,2.17553
2004-03-08,16:20:00.551745,27764,13,21.87,43.7851,655.04,2.58226
2004-03-15,05:07:15.697335,46578,11,19.7336,47.0813,0.92,2.37568
2004-03-14,13:52:46.099239,44749,4,27.5932,36.1983,309.12,2.54901
2004-03-09,03:22:07.145541,29088,7,21.8112,36.3018,0.46,2.59354
2004-03-11,11:15:36.603673,2648,50,25.3,29.1869,1847.36,2.57108
2004-03-21,08:31:05.082746,64265,2,19.9296,46.2297,57.04,2.33827
2004-03-19,22:20:31.77716,60164,47,21.0468,44.9782,596.16,2.42416
2004-03-05,17:30:09.909668,19264,42,23.0362,39.4162,713.92,2.63964
2004-03-03,12:43:27.492394,12931,44,21.5368,32.9308,537.28,2.66332
2004-03-14,17:32:15.612563,45188,19,23.585,41.1751,165.6,2.48502
2004-02-28,22:07:50.782148,2540,42,18.2244,42.317,3.68,2.67532
2004-02-29,13:58:20.004722,4441,31,22.262,37.8819,920.0,2.69964
2004-03-24,14:14:39.685799,37117,30,122.153,39.5521,1847.36,2.31097
2004-03-17,12:53:22.419331,53270,6,21.8798,40.3314,1258.56,2.38522
2004-03-13,00:06:30.682346,7058,26,20.6548,45.2423,121.44,2.51661
2004-03-31,03:33:16.399912,55994,30,122.153,-3.91901,1.84,2.07664
2004-03-04,00:21:59.294584,14328,6,20.694,35.4726,108.56,2.60491
2004-03-06,15:56:37.635957,21957,13,22.703,41.7133,478.4,2.61639
2004-03-10,08:11:59.021055,32548,11,21.037,36.543,743.36,2.56
2004-03-14,20:10:44.241631,45505,22,26.9856,31.3491,90.16,2.51661
2004-03-28,01:51:40.989898,47151,54,122.153,-3.83804,0.46,2.1364
2004-03-02,06:43:23.230668,9331,37,17.2934,46.4921,10.12,2.61639
2004-03-04,23:46:30.883932,17137,49,19.1652,40.7368,46.92,2.60491
2004-03-28,19:52:13.498058,49312,25,122.153,-4.0,1.38,2.19159
2004-03-07,07:07:39.580711,23779,20,19.1162,45.9997,1258.56,2.59354
2004-03-24,16:15:32.877678,37359,29,23.7908,48.676,224.48,2.29313
2004-03-31,07:46:16.550729,56500,30,122.153,-3.91901,1611.84,2.06941
2004-03-09,21:53:33.815959,31311,32,22.164,44.9451,121.44,2.59354
2004-03-19,08:27:22.236989,58498,17,122.153,-3.91901,1729.6,2.15188
2004-03-06,04:31:05.578026,20586,38,19.0182,44.2499,187.68,2.58226
2004-03-11,12:54:29.286086,35993,3,23.1832,33.4905,426.88,2.53812
2004-03-01,01:00:50.590785,5766,40,17.754,46.0655,108.56,2.65143
2004-03-17,21:10:17.06414,54264,43,23.1832,38.1897,150.88,2.47467
2004-03-24,10:11:49.421721,36630,9,20.3216,49.2908,1847.36,2.37568
2004-02-29,20:10:50.036074,5186,49,17.5188,46.0655,41.4,2.62796
2004-04-01,15:10:19.871544,60270,44,122.153,-4.0,1670.72,2.12875
2004-03-02,21:51:26.226951,11147,8,19.9198,31.8072,1.38,2.67532
2004-03-27,22:04:11.633016,46696,21,122.153,-3.91901,121.44,2.15188
2004-03-28,22:57:13.438748,49682,31,122.153,-3.91901,150.88,2.18353
2004-03-22,22:24:28.689958,32337,35,122.153,-3.91901,209.76,2.18353
2004-02-28,10:54:17.41128,1193,23,24.8492,29.3293,596.16,2.7244
2004-02-29,14:38:19.902057,4521,26,22.3404,38.1213,1140.8,2.71196
2004-03-12,21:57:03.782903,39958,14,21.1448,45.2753,30.36,2.53812
2004-03-24,22:12:34.580398,38073,48,41.6268,48.7084,5.06,2.30202
2004-03-05,23:20:01.527134,19964,39,20.841,42.5847,172.96,2.62796
2004-03-09,19:32:06.870689,31028,51,23.438,43.4524,57.04,2.59354
2004-03-01,09:16:30.929712,6757,40,22.164,38.7357,279.68,2.68742
2004-03-14,22:05:15.391895,45734,23,25.153,32.6505,209.76,2.52732
2004-03-27,16:36:47.578495,46041,1,122.153,-3.91901,195.04,2.19159
2004-03-01,19:18:22.141673,7961,17,21.8112,40.0268,90.16,2.60491
2004-03-24,23:45:03.498234,38258,31,122.153,30.0401,143.52,2.2497
2004-03-18,02:13:27.97357,54870,11,19.9884,44.6475,0.92,2.34751
2004-03-18,14:47:48.873514,56379,42,23.536,41.6461,1140.8,2.4644
2004-03-07,17:29:12.283333,25022,19,25.8194,36.8871,136.16,2.63964
2004-03-09,22:36:11.582338,31396,48,22.5952,44.3825,46.92,2.60491
2004-03-25,06:55:08.427285,39118,24,122.153,-3.91901,71.76,2.22442
2004-03-08,05:21:14.251642,26446,33,21.4976,39.5521,101.2,2.61639
2004-03-04,14:45:28.553583,16055,25,29.416,24.2185,1552.96,2.73696
2004-03-19,01:20:59.85517,57645,26,18.9888,48.6112,43.24,2.40453
2004-02-29,06:10:22.481545,3505,17,15.9998,47.1467,0.46,2.56
2004-03-02,19:19:30.77541,10843,22,22.5266,28.7591,86.48,2.68742
2004-02-28,06:04:46.735389,614,33,17.46,39.8913,97.52,2.67532
2004-03-09,10:28:15.996624,29940,48,19.3024,47.31,596.16,2.58226
2004-03-22,14:14:07.460895,31356,3,21.6936,46.7215,353.28,2.36622
2004-03-31,00:33:45.308304,55635,51,122.153,-3.91901,0.46,2.048
2004-03-07,02:02:06.997256,23168,32,19.8708,43.5855,114.08,2.59354
2004-03-20,03:47:02.967505,60817,47,19.126,42.4174,566.72,2.39484
2004-03-06,05:12:08.2228,20668,34,18.6164,45.7037,64.4,2.59354
2004-03-23,16:01:30.281193,34451,26,91.3422,39.8913,478.4,2.3291
2004-03-21,17:18:26.084111,65320,21,71.2914,45.6049,48.76,2.32
2004-03-15,05:33:05.913094,46630,39,20.988,43.5522,165.6,2.49546
2004-03-12,09:19:51.778769,38444,40,22.409,39.8235,1199.68,2.52732
2004-03-03,18:00:26.508368,13565,4,23.0656,34.4664,64.4,2.65143
2004-03-03,12:19:01.507949,12882,37,22.36,33.5604,382.72,2.66332
2004-03-18,00:39:22.254751,54682,16,122.153,-3.91901,57.04,2.27556
2004-03-06,07:52:02.321498,20988,31,19.5474,44.7798,684.48,2.60491
2004-03-31,17:43:02.925778,57693,10,122.153,-4.0,441.6,2.1061
2004-03-01,23:40:52.852317,8486,23,20.1354,39.5521,235.52,2.66332
2004-03-09,09:12:04.252502,29788,37,23.1342,40.1961,1376.32,2.60491
2004-03-26,20:26:43.119323,43621,1,122.153,-3.91901,48.76,2.1997
2004-03-03,13:59:02.561317,13082,45,22.1052,32.9308,279.68,2.67532
2004-03-26,12:55:40.280389,42719,3,122.153,-3.91901,309.12,2.23278
2004-03-17,08:31:48.648088,52747,9,20.5568,37.9845,1847.36,2.51661
2004-03-05,16:16:02.85056,19116,9,22.1444,41.3435,1847.36,2.71196
2004-03-23,12:57:13.144103,34082,39,25.1236,41.0404,456.32,2.34751
2004-02-29,19:37:01.130064,5118,21,19.7238,40.2299,97.52,2.66332
2004-02-28,22:11:48.186554,2548,37,20.253,41.0404,195.04,2.69964
2004-03-26,05:07:37.56254,41783,6,1.731,-3.91901,0.92,2.09127
2004-03-10,04:20:04.318258,32084,25,22.1248,36.4052,0.46,2.58226
2004-03-02,20:53:30.27342,11031,22,21.723,28.5449,90.16,2.67532
2004-03-17,16:27:26.888307,53698,9,21.5662,41.1751,1788.48,2.51661
2004-03-23,09:51:38.72647,33711,22,34.0024,45.6708,412.16,2.26687
2004-03-31,02:27:32.440005,55862,40,122.153,-3.91901,0.46,2.07664
2004-03-22,15:45:27.671326,31539,10,49.3198,49.6457,713.92,2.3291
2004-03-14,14:22:34.801097,44809,35,30.2588,33.5254,1258.56,2.51661
2004-03-27,09:59:49.944742,45247,44,122.153,-3.91901,1140.8,2.19159
2004-03-08,04:27:32.29058,26339,21,21.576,40.3652,101.2,2.59354
2004-03-17,07:49:53.545347,52663,41,20.1942,35.853,426.88,2.44412
2004-03-12,01:03:37.293592,37451,46,21.233,40.9055,1.38,2.38522
2004-03-07,11:50:04.720359,24344,2,26.2604,35.8876,537.28,2.63964
2004-03-09,04:57:31.49112,29279,51,22.2424,35.3341,0.46,2.59354
2004-03-13,02:06:09.857469,40456,12,18.538,49.6135,0.92,2.48502
2004-03-04,20:15:00.43488,16714,51,20.5764,39.4162,57.04,2.63964
2004-03-29,14:09:43.284448,51507,21,122.153,-3.91901,456.32,2.12875
2004-03-12,10:51:44.755418,38627,47,20.3216,47.9292,1611.84,2.51661
2004-03-20,14:23:22.574579,62090,7,25.8194,35.3687,250.24,2.45421
2004-03-31,07:17:16.421452,56444,24,122.153,-3.91901,625.6,2.09866
2004-03-08,18:33:42.161207,28031,42,25.3784,34.7445,158.24,2.63964
2004-02-29,20:56:20.503884,5277,33,18.8124,42.4509,97.52,2.67532
2004-03-29,03:43:00.66458,50252,40,122.153,-4.0,235.52,2.17553
2004-03-13,03:36:30.733229,40637,22,20.008,44.5482,93.84,2.4341
2004-03-22,01:37:56.32415,29844,24,78.759,53.0001,0.92,2.32
2004-03-31,05:48:57.581104,56265,43,122.095,-3.83804,3.22,2.04096
2004-02-28,16:39:47.828605,1884,7,21.8406,35.3341,224.48,2.71196
2004-03-14,15:26:45.891975,44937,44,32.6892,29.4005,1847.36,2.62796
2004-03-21,22:05:25.59794,29419,39,20.498,46.6232,4.6,2.36622
2004-03-12,10:19:04.835409,38562,10,21.8406,42.4509,625.6,2.51661
2004-03-09,17:44:02.480896,30812,54,21.3604,48.2218,264.96,2.58226
2004-03-13,05:34:01.783298,40872,29,19.8022,44.3825,195.04,2.50599
2004-03-02,03:37:29.167914,8959,16,15.696,48.838,0.92,2.57108
2004-03-13,22:07:40.448765,42859,52,22.1444,42.8855,23.0,2.49546
2004-02-28,08:40:17.558073,925,50,16.774,42.0489,1023.04,2.65143
2004-03-17,13:10:30.057058,53304,54,24.2514,35.9567,1140.8,2.47467
2004-03-06,11:13:07.089316,21390,47,23.5948,38.2239,1552.96,2.63964
2004-02-28,10:09:46.844608,1104,29,24.7708,28.9731,1023.04,2.7244
2004-03-02,19:20:31.120544,10845,20,22.4678,30.2884,34.04,2.69964
2004-03-17,16:00:55.226553,53645,3,21.7328,40.2299,180.32,2.47467
2004-03-06,03:24:08.147623,20452,4,20.1256,42.4174,101.2,2.58226
2004-03-23,13:38:29.892104,34165,34,122.153,43.2525,1847.36,2.33827
2004-03-03,09:40:26.33081,12565,17,22.8304,28.3305,1081.92,2.56
2004-03-05,18:40:35.464545,19405,53,21.8112,42.384,46.92,2.62796
2004-03-20,03:14:27.587524,60752,10,19.3024,44.4819,5.52,2.38522
2004-03-12,21:53:37.919643,39951,35,21.9092,44.7798,158.24,2.45421
2004-03-21,01:14:53.810888,63393,29,20.0374,47.212,0.46,2.38522
2004-03-12,17:51:39.628649,39467,31,21.2624,45.572,264.96,2.53812
2004-03-20,02:13:03.323239,60629,35,122.153,35.5072,172.96,2.25825
2004-03-15,01:06:21.915592,46096,12,19.1946,49.9357,0.92,2.4644
2004-03-10,07:59:57.984516,32524,24,30.6606,20.1817,625.6,2.67532
2004-03-14,02:44:03.143263,43412,35,20.9194,44.1836,53.36,2.4341
2004-03-10,04:19:59.956227,32084,12,20.4,39.62,0.92,2.56
2004-03-08,23:54:12.972514,28672,24,24.222,32.8608,143.52,2.62796
2004-03-12,13:13:13.204693,38910,43,23.879,40.0945,596.16,2.54901
2004-03-04,08:01:03.749885,15246,47,25.3882,28.2232,1081.92,2.67532
2004-03-02,16:47:25.039716,10539,16,21.4976,30.8901,1552.96,2.62796
2004-03-18,21:12:51.981606,57149,22,21.282,43.519,37.72,2.33827
2004-03-07,20:47:36.202151,25419,37,24.4768,40.6355,195.04,2.63964
2004-03-22,09:38:14.495382,30804,38,42.3618,52.8101,684.48,2.28431
2004-02-28,23:14:21.848668,2673,50,16.6368,45.9011,0.46,2.65143
2004-03-09,00:42:09.079912,28768,51,23.8888,33.4206,158.24,2.62796
2004-03-03,23:37:57.815935,14240,45,19.3906,38.9061,0.92,2.62796
2004-03-24,21:37:05.372925,38002,9,21.0076,51.4424,0.46,2.36622
2004-02-28,10:19:17.705247,1123,24,25.7116,27.1117,1847.36,2.76242
2004-03-07,16:13:17.107743,24870,50,30.8174,28.402,1435.2,2.69964
2004-03-27,15:26:10.618805,45900,31,122.153,-3.91901,861.12,2.20788
2004-03-19,02:18:47.802135,57761,27,18.8026,48.449,0.46,2.37568
2004-03-12,15:21:30.443125,39167,46,20.498,49.549,743.36,2.37568
2004-03-15,10:07:36.381344,47179,4,22.262,42.8187,353.28,2.47467
2004-03-08,18:51:33.262862,28067,33,24.1338,37.162,104.88,2.63964
2004-03-01,00:22:51.084267,5690,25,17.9304,44.5813,90.16,2.63964
2004-03-01,00:15:30.658624,5675,23,18.7928,42.8521,217.12,2.65143
2004-02-29,21:42:20.639413,5369,4,19.42,41.9147,97.52,2.62796
2004-03-16,23:35:19.820977,51674,47,23.5458,32.9308,596.16,2.49546
2004-03-30,20:52:45.839585,55194,58,20.8116,42.1495,478.4,2.95483
2004-03-24,05:26:05.442124,36060,21,122.153,-1.982,4.14,2.20788
2004-03-01,12:40:21.52276,7165,53,23.5654,39.7557,1023.04,2.71196
2004-03-28,23:22:24.319166,49732,54,122.153,-3.91901,0.92,2.15188
2004-03-07,04:08:09.652842,23420,4,20.7038,41.6461,101.2,2.57108
2004-03-11,22:31:59.125469,37148,3,22.1836,39.0763,37.72,2.53812
2004-03-24,14:55:11.985556,37198,49,122.153,-3.91901,1847.36,2.2497
2004-03-14,19:20:18.796262,45404,45,19.6552,48.7732,71.76,2.49546
2004-03-13,13:36:36.253279,41837,34,31.278,28.1875,1847.36,2.62796
2004-03-18,21:41:55.763562,57207,1,21.1448,43.4191,45.08,2.4341
2004-03-04,17:14:59.534143,16354,22,23.4576,34.0487,338.56,2.67532
2004-03-17,03:33:13.077611,52150,12,20.8018,35.2302,0.92,2.45421
2004-03-28,10:52:42.646083,48233,33,122.153,-4.0,1140.8,2.2497
2004-03-01,17:58:08.257591,7800,16,22.2816,41.1751,93.84,2.63964
2004-03-23,16:39:00.517865,34526,26,97.5162,40.9055,382.72,2.32
2004-03-28,20:59:59.09815,49447,44,122.153,-4.0,136.16,2.20788
2004-03-11,19:18:31.824967,36761,10,22.0464,41.4444,11.04,2.51661
2004-03-08,08:27:42.785079,26819,34,22.997,41.8812,1847.36,2.60491
2004-03-03,12:48:26.51632,12941,18,24.3396,27.9011,368.0,2.50599
2004-04-01,00:27:47.626789,58505,26,122.153,-3.91901,150.88,2.02014
2004-03-14,11:59:38.936456,44523,48,24.271,41.3771,596.16,2.56
2004-03-16,21:22:15.780125,51408,7,23.1832,35.0222,10.12,2.49546
2004-03-05,04:12:08.253258,17668,9,18.7144,41.0404,97.52,2.68742
2004-03-16,19:00:16.940998,51124,22,24.1338,34.1184,93.84,2.45421
2004-03-04,17:45:59.749304,16416,9,21.3016,39.2463,279.68,2.7244
2004-03-03,11:38:28.692855,12801,6,22.2914,31.5607,426.88,2.62796
2004-03-12,21:58:31.268267,39961,22,21.8602,42.384,93.84,2.4644
2004-03-19,06:27:50.507535,58259,3,18.9496,46.164,18.4,2.41431
2004-03-31,03:38:15.684065,56004,7,122.153,-3.91901,114.08,2.1061
2004-03-31,00:24:48.893745,55617,33,122.153,-3.91901,4.6,2.12114
2004-03-22,10:42:28.029835,30933,10,44.3708,48.5788,713.92,2.3291
2004-03-11,20:03:29.037239,36851,54,21.8112,40.399,0.46,2.51661
2004-03-03,07:55:56.596552,12356,17,27.7794,20.5515,1376.32,2.61639
2004-03-06,17:53:35.803228,22191,20,23.83,39.586,121.44,2.65143
2004-02-29,01:46:54.141339,2978,10,18.636,41.1078,53.36,2.66332
2004-03-13,21:35:33.403925,42795,31,22.1444,41.8812,41.4,2.52732
2004-03-14,08:55:39.072982,44155,53,18.3812,51.8888,1376.32,2.47467
2004-03-28,23:34:23.537601,49756,1,122.153,-3.91901,50.6,2.16759
2004-03-14,04:59:08.150447,43682,48,19.5082,45.6379,0.46,2.50599
2004-03-13,12:00:09.640506,41644,4,27.309,34.3969,412.16,2.56
2004-03-01,13:57:51.993252,7320,31,27.0934,33.8396,478.4,2.74963
2004-03-18,17:44:17.789725,56732,53,22.3992,44.9121,831.68,2.44412
2004-02-28,20:39:48.925746,2364,11,20.2138,40.0268,861.12,2.67532
2004-02-29,02:21:49.76774,3048,38,17.8128,41.6461,172.96,2.62796
2004-03-19,07:57:04.051091,58437,45,18.685,46.4593,684.48,2.40453
2004-03-05,03:03:02.490489,17530,4,20.0668,38.7016,101.2,2.59354
2004-03-06,17:10:45.092643,22105,8,23.9378,37.8134,1023.04,2.65143
2004-03-25,17:01:05.69653,40330,2,122.153,-3.91901,172.96,2.1997
2004-03-06,06:16:36.587067,20797,7,19.2828,43.019,101.2,2.60491
2004-03-06,21:13:06.675521,22590,11,20.694,45.1433,4.14,2.59354
2004-03-04,04:26:27.361412,14817,10,18.5184,39.0422,2.76,2.61639
2004-02-29,00:14:19.135198,2793,47,17.803,43.0524,0.46,2.65143
2004-03-14,15:33:35.44734,44951,6,26.3584,39.3823,684.48,2.49546
2004-03-23,06:31:00.021035,33310,1,47.3892,49.6457,6.9,2.27556
2004-03-11,12:10:09.398659,35904,17,23.5556,33.0009,655.04,2.42416
2004-03-13,11:50:02.619888,41624,24,29.7884,28.8661,1847.36,2.60491
2004-03-12,22:33:08.506765,40030,6,21.1252,44.1504,11.04,2.47467
2004-03-17,01:25:50.844635,51895,2,23.291,33.9093,114.08,2.4644
2004-03-21,17:46:38.554777,65376,12,20.4294,49.4199,890.56,2.34751
2004-03-23,15:56:43.592505,34441,4,122.153,-3.91901,250.24,2.27556
2004-03-07,02:16:12.523355,23196,40,20.449,42.6516,121.44,2.60491
2004-03-07,13:02:09.948486,24488,26,30.1412,29.1513,1847.36,2.69964
2004-04-01,02:11:47.747459,58711,2,122.153,-3.91901,11.96,2.02014
2004-03-22,08:56:30.572962,30721,43,68.42,50.9309,224.48,2.31097
2004-03-21,02:23:07.101026,63529,2,20.8214,44.7137,11.96,2.35683
2004-03-24,06:31:06.881976,36190,38,122.153,38.258,60.72,2.24121
2004-03-13,13:53:08.826771,41870,35,30.69,31.1727,1670.72,2.53812
2004-03-08,02:02:15.958366,26048,48,22.6932,39.6539,114.08,2.62796
2004-03-06,01:54:32.819963,20273,25,19.0378,43.918,90.16,2.60491
2004-03-07,12:00:35.589485,24365,51,23.5948,41.5116,596.16,2.61639
2004-04-01,18:04:19.999452,60618,48,122.153,-4.0,920.0,2.15188
2004-03-10,02:50:35.694717,31905,11,20.7136,44.6475,0.92,2.45421
2004-02-29,20:45:20.3412,5255,22,18.6948,42.3505,75.44,2.60491
2004-03-08,21:26:31.497938,28377,35,24.0946,37.5394,3.22,2.57108
2004-03-04,14:55:32.852952,16075,53,21.6544,39.586,566.72,2.63964
2004-03-08,03:38:12.147208,26240,25,21.2036,41.1751,97.52,2.59354
2004-03-09,18:58:43.422114,30961,53,22.5364,46.4265,4.14,2.59354
2004-03-04,16:28:33.570541,16261,43,22.7912,37.2307,353.28,2.65143
2004-03-15,04:15:44.154375,46475,53,20.1844,44.5151,0.46,2.47467
2004-03-07,20:47:14.942371,25418,24,23.781,38.9401,150.88,2.63964
2004-03-14,15:55:46.201464,44995,38,29.8178,31.5959,412.16,2.57108
2004-03-02,07:47:53.249658,9460,50,22.0464,34.536,625.6,2.66332
2004-03-14,22:00:11.854088,45724,2,22.3992,41.3098,104.88,2.49546
2004-02-29,22:58:27.310926,5521,16,17.9696,45.6049,1.38,2.59354
2004-03-17,16:29:43.466588,53703,38,23.4968,35.5072,478.4,2.44412
2004-03-06,10:41:06.783682,21326,10,22.5952,40.2976,684.48,2.62796
2004-03-05,03:00:03.837109,17524,24,18.8516,39.586,1.84,2.62796
2004-03-14,02:14:43.881024,43353,46,20.988,42.685,1.38,2.35683
2004-03-04,14:51:31.421655,16067,48,22.1346,39.4842,964.16,2.65143
2004-03-25,19:32:36.404987,40633,4,122.153,-3.91901,121.44,2.18353
2004-03-08,05:01:08.982219,26406,36,21.2624,42.9189,57.04,2.59354
2004-03-16,20:18:23.320281,51280,53,23.2812,35.2648,7.36,2.49546
2004-03-01,07:40:21.708075,6565,31,20.2236,41.9818,250.24,2.66332
2004-03-05,01:59:31.191322,17403,18,19.91,38.4629,64.4,2.42416
2004-04-01,08:24:48.526703,59457,30,122.153,-3.91901,1847.36,2.08393
2004-03-03,16:54:27.019799,13433,48,21.9876,37.059,1317.44,2.67532
2004-03-11,10:09:00.02765,35662,31,25.006,31.1727,1847.36,2.56
2004-03-28,08:34:11.670169,47956,53,122.153,-3.83804,1847.36,2.1364
2004-03-18,01:18:55.895199,54761,13,20.302,45.8682,4.6,2.40453
2004-03-08,00:46:36.832372,25897,35,22.8892,41.1751,172.96,2.57108
2004-03-08,17:32:04.728099,27908,10,21.135,44.9782,235.52,2.58226
2004-03-30,14:51:15.173294,54470,27,122.153,-3.91901,264.96,2.12875
2004-03-17,17:14:29.30475,53792,9,21.9386,40.2976,1140.8,2.52732
2004-03-05,10:23:36.726857,18411,23,31.0918,22.6119,441.6,2.7244
2004-03-19,02:57:24.1481,57838,47,19.0672,47.0813,0.46,2.41431
2004-03-08,09:35:30.66481,26955,2,24.467,40.3314,507.84,2.61639
2004-03-19,13:45:49.184065,59135,29,23.6144,41.0404,507.84,2.45421
2004-03-06,10:59:08.487963,21362,34,27.9166,29.5428,1847.36,2.67532
2004-03-12,14:02:00.271192,39008,31,24.2808,38.3946,1552.96,2.56
2004-03-13,19:03:33.667419,42491,41,24.9276,37.0933,82.8,2.54901
2004-03-26,07:34:07.175464,42076,22,122.153,20.6623,1258.56,2.16759
2004-03-20,08:06:21.842904,61336,26,23.0068,33.8396,920.0,2.42416
2004-03-16,21:50:21.733704,51464,37,24.3004,36.0257,235.52,2.49546
2004-03-19,10:21:51.17428,58727,19,122.153,12.6686,294.4,2.31097
2004-03-31,00:43:45.769704,55657,25,122.153,-3.91901,121.44,2.09127
2004-03-07,09:39:39.365981,24083,3,23.3302,37.745,441.6,2.63964
2004-03-14,09:44:15.101686,44252,40,25.6332,34.7445,1140.8,2.53812
2004-03-23,01:49:42.153366,32747,11,122.153,49.7424,0.92,2.19159
2004-03-12,02:26:01.87731,37616,24,20.4098,40.6693,0.92,2.51661
2004-03-07,23:30:46.514741,25745,2,23.0264,40.2299,128.8,2.60491
2004-04-01,03:11:17.825962,58830,29,122.153,-3.91901,0.46,2.04096
2004-03-20,16:42:25.140509,62368,24,26.1624,35.2302,202.4,2.4644
2004-03-06,07:07:04.120089,20898,45,18.1068,45.1433,150.88,2.59354
2004-03-12,08:05:37.909832,38295,39,21.4976,41.5116,187.68,2.52732
2004-03-09,18:17:10.294756,30878,2,22.605,44.8129,114.08,2.58226
2004-03-07,06:48:04.872408,23740,31,19.1554,44.5151,158.24,2.59354
2004-03-14,21:45:46.429179,45695,25,26.5348,30.4301,93.84,2.54901
2004-02-29,19:34:54.901327,5114,17,19.0182,42.384,6.9,2.57108
2004-03-15,00:32:41.976769,46029,40,21.2428,43.3858,128.8,2.49546
2004-03-08,07:22:12.266448,26688,7,25.0452,34.2577,217.12,2.63964
2004-03-19,15:04:52.864627,59293,46,22.948,45.8682,684.48,2.31097
2004-03-14,18:15:06.328076,45274,2,21.9386,47.212,121.44,2.49546
2004-03-20,12:22:21.844812,61848,1,28.1126,28.9018,412.16,2.4644
2004-03-12,08:21:59.564264,38328,31,18.7732,47.6035,920.0,2.49546
2004-03-12,05:18:29.104348,37961,11,18.7046,45.6379,0.46,2.41431
2004-03-02,17:54:25.336027,10673,3,21.6054,30.9961,35.88,2.67532
2004-03-30,11:44:14.363394,54096,29,122.153,-3.91901,426.88,2.11359
2004-03-02,15:54:59.388705,10433,9,23.1048,29.0444,1729.6,2.74963
2004-03-13,05:45:14.43144,40894,21,20.1354,42.6516,114.08,2.48502
2004-03-06,16:29:07.087288,22022,54,23.634,41.4444,1023.04,2.62796
2004-03-19,10:37:02.34198,58757,33,21.4192,44.5151,1023.04,2.4341
2004-03-03,06:50:25.954772,12225,29,17.754,31.5254,23.0,2.62796
2004-03-24,06:22:31.707411,36173,25,122.153,42.7853,41.4,2.24121
2004-02-29,14:29:51.159287,4504,53,19.2044,44.846,1847.36,2.65143
2004-03-25,17:50:06.243122,40428,24,122.153,-3.83804,217.12,2.21612
2004-03-23,20:31:18.217119,34990,25,45.341,43.3191,114.08,2.28431
2004-03-01,16:36:27.348252,7637,51,20.7136,44.4488,209.76,2.67532
2004-03-20,15:48:31.999093,62260,41,29.8374,28.6163,655.04,2.48502
2004-03-02,15:03:35.44543,10318,45,22.8304,30.0401,1317.44,2.68742
2004-03-03,07:55:26.432208,12355,31,26.182,23.4896,684.48,2.69964
2004-03-11,11:17:03.713971,35798,52,24.5356,30.6071,368.0,2.53812
2004-03-27,06:01:09.660698,44770,23,122.153,-3.91901,150.88,2.17553
2004-03-17,02:37:31.669062,52038,16,122.153,3.43613,0.92,2.31097
2004-03-04,12:45:59.081104,15816,29,32.454,19.8114,772.8,2.76242
2004-03-25,15:38:36.962928,40165,34,122.153,-3.83804,224.48,2.22442
2004-03-05,17:04:00.814528,19212,13,21.4584,44.0508,478.4,2.60491
2004-03-18,22:03:27.545716,57250,48,21.1546,43.7186,82.8,2.45421
2004-03-20,00:10:36.988967,60384,9,19.8512,46.6887,1.38,2.47467
2004-03-20,18:59:52.549991,62643,32,22.7814,41.0404,121.44,2.40453
2004-03-06,18:34:12.509572,22272,11,22.2228,42.7853,2.76,2.60491
2004-03-30,20:23:15.436198,55136,25,122.153,-3.91901,121.44,2.11359
2004-03-19,16:46:32.951442,59496,23,22.1052,45.0773,136.16,2.41431
2004-03-01,08:26:36.906748,6657,40,21.3604,39.5521,235.52,2.67532
2004-03-18,16:58:17.312111,56640,29,20.4,47.3426,150.88,2.42416
2004-03-05,23:03:08.746976,19930,41,20.204,42.9523,382.72,2.60491
2004-03-13,18:23:14.158051,42410,45,26.5348,34.536,82.8,2.58226
2004-03-31,04:40:46.674459,4768,27,122.153,-3.91901,0.46,2.03397
2004-03-07,10:36:07.369327,24196,54,19.5572,49.7747,1376.32,2.58226
2004-04-01,16:02:00.408407,60373,9,122.153,-4.0,1847.36,2.18353
2004-03-23,13:38:13.895857,34164,23,122.153,33.2458,309.12,2.32
2004-03-02,19:28:01.457969,10860,46,21.8798,27.9011,86.48,2.47467
2004-03-23,14:43:38.362343,34295,40,35.6194,41.7133,1140.8,2.32
2004-03-17,08:35:28.533305,52754,2,21.1154,37.3679,397.44,2.44412
2004-03-13,09:54:02.469741,41392,14,24.908,36.9559,353.28,2.57108
2004-03-24,15:47:10.087441,37302,2,122.153,26.608,382.72,2.2497
2004-03-11,22:46:07.081542,37176,18,122.153,114.894,217.12,2.17553
2004-03-02,19:45:28.358652,10895,18,22.409,28.6877,180.32,2.48502
2004-03-12,06:05:59.561877,38056,29,19.4396,43.2525,0.92,2.50599
2004-03-02,16:43:29.325484,10509,10,22.5364,30.0046,250.24,2.67532
2004-03-17,19:17:26.408786,54038,27,23.9378,36.4052,82.8,2.47467
2004-04-01,12:10:18.952604,59908,10,122.153,-4.0,772.8,2.03397
2004-03-09,16:06:12.178145,30616,1,21.7818,46.0655,172.96,2.59354
2004-03-20,15:23:56.176546,62211,34,29.0142,30.3947,1847.36,2.49546
2004-03-11,11:37:40.50376,35839,10,22.36,37.2307,655.04,2.51661
2004-03-07,09:22:35.646405,24049,27,25.0746,33.6651,158.24,2.65143
2004-03-21,09:43:55.085495,64411,1,19.5768,47.0813,57.04,2.35683
2004-03-07,06:12:13.238653,23668,20,18.44,47.6687,1.84,2.58226
2004-03-03,21:39:29.091982,14003,6,21.674,34.3969,114.08,2.61639
2004-03-07,03:42:35.958309,23369,34,19.665,44.0508,64.4,2.60491
2004-03-23,07:55:05.886803,33478,44,18.4792,53.7896,128.8,2.28431
2004-03-13,13:24:16.468006,41812,53,24.4866,42.8521,1847.36,2.53812
2004-03-01,05:19:28.950065,6283,7,17.9696,44.6475,97.52,2.65143
2004-03-03,08:34:00.98476,12432,47,28.1616,21.2157,1494.08,2.7244
2004-03-16,22:11:47.313398,51507,19,24.2612,32.44,158.24,2.41431
2004-03-14,11:58:39.465271,44521,7,25.0844,38.6675,279.68,2.53812
2004-03-08,09:15:36.865932,26915,22,34.3748,23.0511,1258.56,2.7244
2004-03-18,03:46:15.929684,55056,31,20.1648,42.8521,0.92,2.44412
2004-02-28,19:09:18.613472,2183,27,21.233,37.2307,75.44,2.71196
2004-03-23,04:48:29.491629,33105,30,52.8478,54.8265,0.92,2.29313
2004-02-29,00:02:21.369961,2769,51,17.9304,41.9818,0.46,2.67532
2004-03-19,10:59:21.677107,58802,14,21.0468,46.8197,368.0,2.44412
2004-03-03,03:17:25.970608,11799,34,17.9598,31.5607,0.46,2.61639
2004-03-03,13:36:56.953105,13038,23,31.0232,20.1817,323.84,2.76242
2004-03-29,19:03:14.06165,52094,54,122.153,-3.91901,1.38,2.1364
2004-03-24,08:38:31.92679,36445,31,122.153,44.3162,802.24,2.25825
2004-03-13,07:13:42.627304,41071,41,19.567,44.3494,338.56,2.48502
2004-03-14,18:15:09.377308,45274,41,20.988,48.1893,217.12,2.49546
2004-03-04,17:08:32.155282,16342,16,19.7532,44.2499,1081.92,2.58226
2004-03-04,18:54:29.802851,16553,53,20.7724,47.5709,53.36,2.62796
2004-03-13,21:46:07.507171,42816,41,22.7422,40.1622,309.12,2.52732
2004-03-05,23:30:03.830376,19984,45,20.5666,41.2425,158.24,2.62796
2004-03-20,21:05:53.332098,62895,34,22.0464,42.4509,0.92,2.41431
2004-03-12,11:43:59.438027,38732,46,22.9578,41.2425,264.96,2.39484
2004-03-07,06:09:06.536686,23662,41,19.0182,44.7137,50.6,2.58226
2004-03-18,13:06:16.993513,56176,24,23.9476,40.2299,1552.96,2.45421
2004-03-01,22:49:23.458546,8383,30,18.8908,43.8515,114.08,2.65143
2004-03-22,12:09:27.630748,31107,35,122.153,-3.91901,1376.32,2.21612
2004-03-05,14:40:04.38092,18924,52,21.6348,42.8855,323.84,2.60491
2004-02-28,14:00:49.129321,1566,33,25.5548,29.5784,772.8,2.76242
2004-02-29,11:04:56.530585,4094,48,18.881,42.7185,507.84,2.67532
2004-03-24,09:17:02.485118,36522,32,122.153,25.0902,1552.96,2.23278
2004-03-31,20:34:19.953942,58038,24,122.153,-4.0,195.04,2.12114
2004-03-09,21:33:43.023173,31271,21,23.8692,40.8381,114.08,2.58226
2004-03-06,13:35:12.743829,21674,21,26.6916,32.3698,412.16,2.65143
2004-03-13,09:45:32.079462,41375,22,28.2302,29.685,1199.68,2.57108
2004-03-07,20:58:33.498593,25441,37,24.3396,41.0067,195.04,2.63964
2004-03-19,15:32:27.046335,59348,36,23.0264,43.3191,1199.68,2.4341
2004-03-17,01:24:45.555111,51893,36,23.34,34.7097,90.16,2.47467
2004-03-11,22:24:57.964534,37134,49,21.8112,39.3143,101.2,2.51661
2004-03-08,11:46:36.148118,27217,48,19.959,52.9368,566.72,2.60491
2004-03-22,18:37:57.909991,31884,29,21.2918,48.2543,209.76,2.34751
2004-03-31,06:29:15.938413,56346,29,122.153,-3.91901,79.12,2.05509
2004-03-17,09:16:27.137269,52836,54,20.8998,37.7107,1847.36,2.44412
2004-03-01,00:54:02.355755,5752,53,16.7642,47.799,0.46,2.62796
2004-03-19,02:06:18.316251,57736,29,18.8712,47.5057,0.92,2.40453
2004-03-08,02:42:02.378077,26128,44,22.0072,40.5004,5.06,2.61639
2004-03-05,03:14:33.812055,17553,32,18.685,40.8043,114.08,2.61639
2004-03-07,15:37:35.134142,24799,45,30.5136,28.3305,655.04,2.69964
2004-03-17,09:12:12.603107,52828,16,122.153,-4.0,1847.36,2.28431
2004-03-28,14:13:12.810732,48634,32,122.153,-4.0,1317.44,2.20788
2004-03-24,00:11:17.44905,35430,27,122.153,34.3273,86.48,2.26687
2004-03-20,16:45:22.965032,62374,24,26.035,35.4034,224.48,2.45421
2004-03-16,14:15:20.447403,50533,22,21.5956,35.5072,772.8,2.4644
2004-03-01,10:42:10.915315,6928,24,25.9566,32.0183,309.12,2.73696
2004-03-20,21:12:25.953242,62908,35,122.153,20.1817,0.92,2.25825
2004-03-19,00:01:17.447318,57486,24,19.7336,45.4402,48.76,2.41431
2004-02-29,09:53:56.350053,3952,3,19.7532,40.2976,202.4,2.67532
2004-03-08,13:23:30.149387,27411,33,23.1636,41.7805,861.12,2.62796
2004-03-01,10:27:26.335837,6899,21,27.0738,30.3947,143.52,2.73696
2004-03-29,15:50:12.635366,51708,29,122.153,-3.91901,537.28,2.17553
2004-03-02,21:30:25.686332,11105,31,20.7528,31.3844,150.88,2.68742
2004-03-08,15:02:10.872312,27608,49,22.7422,41.4444,1847.36,2.58226
2004-02-28,20:45:50.704,2376,43,19.6552,39.4162,26.68,2.67532
2004-03-01,07:41:51.619158,6568,24,23.928,33.1409,250.24,2.71196
2004-03-24,12:23:03.281076,36894,32,122.153,16.0773,1847.36,2.28431
2004-03-11,12:30:32.652163,35945,14,23.6928,32.9308,397.44,2.56
2004-03-08,18:06:01.650227,27976,50,24.075,36.7151,338.56,2.62796
2004-03-19,08:08:54.46551,58461,36,20.0472,45.8024,1494.08,2.40453
2004-03-08,21:08:34.49916,28341,21,25.2804,33.0709,128.8,2.62796
2004-03-21,12:13:55.912467,64711,42,24.3494,38.1213,802.24,2.39484
2004-03-17,20:27:44.078505,54179,19,23.8104,37.3336,165.6,2.38522
2004-03-20,09:39:53.681043,61523,23,25.8292,30.3947,566.72,2.4341
2004-03-06,10:33:09.780443,21310,46,22.0856,39.8913,309.12,2.47467
2004-03-21,13:21:25.113914,64846,31,25.986,36.0948,1670.72,2.42416
2004-03-08,18:30:30.752315,28025,4,23.6144,39.4842,97.52,2.58226
2004-03-20,08:52:38.419321,61428,35,122.153,12.7449,1435.2,2.28431
2004-03-19,06:53:19.612746,58310,9,18.4008,48.4815,625.6,2.47467
2004-03-23,10:03:45.57045,33735,37,122.153,39.1443,478.4,2.31097
2004-03-01,12:23:58.022388,7132,38,24.7218,36.8527,382.72,2.67532
2004-03-13,15:02:13.771536,42008,18,122.153,114.859,382.72,2.17553
2004-04-01,15:41:19.850589,60331,23,122.153,-4.0,507.84,2.09127
2004-03-29,12:31:47.745023,51311,34,122.153,-3.91901,1847.36,2.19159
2004-03-31,23:07:24.559795,58344,56,20.1158,38.7357,114.08,2.84172
2004-03-05,12:50:38.316559,18706,16,21.3506,41.4108,1847.36,2.58226
2004-02-29,14:23:29.05871,4491,47,20.4392,41.8476,1494.08,2.67532
2004-03-01,13:29:22.27625,7263,30,26.8484,34.3273,1435.2,2.73696
2004-04-01,20:51:19.385069,60952,26,122.153,12.6305,136.16,2.02703
2004-03-23,07:53:59.623265,33476,19,122.153,-3.91901,93.84,2.16759
2004-03-20,15:27:22.571694,62218,2,26.721,35.438,441.6,2.4341
2004-04-01,10:15:32.050688,59678,7,122.153,-4.0,309.12,2.11359
2004-02-28,16:21:53.272691,1848,48,23.1734,34.8834,684.48,2.7244
2004-03-10,03:49:59.451942,32024,2,21.674,40.7031,0.92,2.56
2004-03-04,03:16:32.893103,14677,22,18.4988,38.0871,4.6,2.57108
2004-03-06,12:27:32.695042,21539,38,29.2102,27.6861,1847.36,2.67532
2004-02-28,10:11:17.702929,1107,7,20.9194,35.7148,338.56,2.69964
2004-03-24,06:03:53.091541,36135,48,21.8014,48.0593,5.06,2.31097
2004-03-05,14:18:31.330509,18881,25,28.534,27.8294,1847.36,2.69964
2004-03-04,00:39:27.153627,14363,23,20.302,36.1293,0.92,2.63964
2004-03-03,23:05:02.235119,14174,47,19.7336,39.4162,0.46,2.63964
2004-03-28,12:07:21.337985,48382,40,122.153,-4.0,1847.36,2.21612
2004-03-08,10:00:36.272325,27005,37,24.3984,43.1191,1494.08,2.62796
2004-03-15,01:55:08.445834,46194,41,20.7038,43.3858,53.36,2.47467
2004-02-28,13:59:19.016818,1563,20,24.5748,32.7907,1140.8,2.74963
2004-03-06,05:18:40.345574,20681,47,18.3616,46.0983,0.46,2.59354
2004-03-17,22:11:44.434477,54387,6,22.3012,39.9252,13.8,2.37568
2004-03-17,20:51:56.96065,54227,37,23.4772,40.4328,235.52,2.47467
2004-03-08,02:15:42.042939,26075,48,22.6344,39.6539,114.08,2.63964
2004-03-14,11:53:44.815266,44511,44,25.741,38.4629,1494.08,2.54901
2004-03-08,19:32:06.105512,28148,36,24.6042,37.8819,60.72,2.61639
2004-03-12,10:55:03.834972,38634,53,22.556,41.5116,1847.36,2.53812
2004-03-28,22:56:48.889882,49681,44,122.153,-3.91901,136.16,2.1997
2004-03-11,23:56:38.727461,37317,13,21.0076,41.9483,0.46,2.50599
2004-03-30,11:23:14.419904,54054,26,122.153,-3.91901,831.68,2.11359
2004-02-28,10:23:18.576041,1131,11,18.7928,41.814,1317.44,2.67532
2004-03-20,12:15:05.944718,61833,4,27.9558,32.0183,353.28,2.4341
2004-03-06,06:01:35.050507,20767,46,18.5086,44.7137,1.84,2.4341
2004-03-21,03:52:53.690142,63709,11,19.5866,48.5464,0.92,2.26687
2004-03-28,04:08:11.449683,47424,23,122.153,-3.91901,165.6,2.16759
2004-03-01,04:49:50.957112,6224,24,16.5878,47.7664,114.08,2.63964
2004-02-29,19:12:27.335308,5069,53,17.9206,46.6232,3.22,2.65143
2004-03-20,17:06:27.975064,62416,51,26.9072,35.438,1081.92,2.44412
2004-02-28,09:17:16.7556,999,46,18.6164,38.3946,441.6,2.48502
2004-03-13,07:02:07.704365,41048,54,18.0186,48.5788,537.28,2.47467
2004-03-24,04:12:32.119363,35913,3,26.5544,46.2625,2.3,2.29313
2004-02-29,18:46:20.719435,5017,20,19.1456,43.6521,14.72,2.67532
2004-03-03,13:32:58.577671,13030,25,33.0812,18.9203,596.16,2.78836
2004-03-19,16:18:21.905726,59440,3,21.7916,45.8353,180.32,2.4341
2004-03-07,11:13:04.946775,24270,14,23.5556,40.8043,368.0,2.62796
2004-03-01,08:53:21.189957,6711,24,24.6728,32.44,209.76,2.7244
2004-03-01,14:05:29.428682,7335,14,24.1926,39.1783,235.52,2.73696
2004-03-17,04:34:12.870946,52272,7,21.8308,33.1409,0.46,2.47467
2004-02-28,16:12:50.216378,1830,46,23.1734,34.536,456.32,2.53812
2004-03-08,21:09:13.957319,28342,14,23.9476,35.9567,86.48,2.63964
2004-02-28,21:42:51.325252,2490,18,20.2824,38.0871,172.96,2.51661
2004-03-02,22:40:54.64255,11246,51,19.9884,28.402,150.88,2.65143
2004-03-11,16:54:08.617845,36472,29,24.3396,34.0487,323.84,2.53812
2004-03-12,01:08:59.01932,37462,25,21.2624,39.1103,0.46,2.53812
2004-03-06,06:07:39.048384,20779,48,18.5086,44.4488,0.92,2.61639
2004-03-15,11:09:37.428976,47303,34,22.85,38.8039,1847.36,2.49546
2004-03-23,12:08:13.488483,33984,23,122.153,35.9912,353.28,2.31097
2004-03-30,19:46:50.946483,55061,52,122.153,-3.91901,0.92,2.08393
2004-03-07,01:38:42.096916,23121,12,18.293,48.0593,0.92,2.58226
2004-03-18,06:10:53.430311,55345,7,20.3608,41.9483,5.06,2.44412
2004-03-05,02:38:01.710274,17480,36,19.2436,42.4509,57.04,2.61639
2004-03-18,00:35:02.540438,54673,45,21.2722,42.2165,64.4,2.45421
2004-03-05,13:42:31.839299,18809,51,20.9782,42.5513,596.16,2.62796
2004-03-28,21:27:24.166499,49502,49,122.153,-3.7571,187.68,2.17553
2004-03-11,10:18:03.388129,35680,25,34.316,18.9203,1847.36,2.65143
2004-03-02,05:30:16.473492,9184,47,15.4216,48.9675,0.46,2.60491
2004-03-22,22:18:58.953054,32326,29,19.3416,51.602,195.04,2.32
2004-03-19,22:49:52.764196,60223,39,21.4976,44.0508,172.96,2.42416
2004-03-09,03:35:08.138642,29114,21,22.4972,34.536,3.68,2.59354
2004-03-02,14:08:54.265431,10222,35,23.193,32.1941,1023.04,2.62796
2004-03-20,09:59:57.204038,61563,19,122.153,-4.0,478.4,2.32
2004-03-04,04:39:28.402235,14843,21,18.244,38.258,3.68,2.61639
2004-03-13,09:27:05.717622,41338,6,22.948,39.62,1317.44,2.47467
2004-03-17,11:22:27.235223,53088,52,21.919,38.9061,353.28,2.4341
2004-03-06,01:22:05.960306,20209,16,18.5674,46.8851,17.48,2.56
2004-03-27,15:03:16.768945,45854,1,122.153,-3.91901,309.12,2.1997
2004-03-20,11:42:52.87846,61769,34,30.4156,25.7057,1847.36,2.49546
2004-02-29,03:09:24.634108,3143,52,17.0974,43.6188,0.92,2.62796
2004-03-14,23:06:39.41702,45857,39,21.6152,44.2168,165.6,2.50599
2004-04-01,07:10:18.161912,59310,23,122.153,-4.0,507.84,2.09127
2004-03-16,14:18:40.595367,50561,24,22.7716,32.7206,1081.92,2.49546
2004-03-18,01:24:54.933776,54773,47,20.6352,44.9782,0.46,2.44412
2004-03-12,01:02:07.253334,37448,45,21.0076,40.7031,0.46,2.52732
2004-03-17,11:56:43.493002,53157,29,23.5164,36.7839,655.04,2.47467
2004-03-01,19:09:07.801313,7942,53,20.2824,43.019,4.14,2.66332
2004-03-31,17:28:21.805408,57664,38,122.153,-4.0,625.6,2.12114
2004-04-01,09:59:57.157939,59649,56,23.193,32.8608,264.96,2.84172
2004-03-17,11:51:12.811899,53146,13,19.6944,46.0983,1435.2,2.41431
2004-03-03,05:52:25.400507,12109,4,18.8516,30.8194,4.14,2.61639
2004-03-19,23:19:20.169989,60282,52,21.0664,43.9512,48.76,2.38522
2004-03-18,21:58:21.061643,57240,34,20.939,44.846,75.44,2.4341
2004-03-13,01:21:31.675231,40367,19,20.7822,44.2499,79.12,2.47467
2004-03-03,16:04:00.173251,13332,10,24.5356,31.6664,441.6,2.68742
2004-02-29,16:05:55.320972,4696,25,20.9488,39.9591,478.4,2.68742
2004-03-23,08:57:29.320448,33603,24,122.153,50.9629,323.84,2.28431
2004-03-05,22:16:04.501413,19836,41,20.4392,42.4509,382.72,2.61639
2004-03-18,20:36:46.942372,57077,2,21.8112,44.1504,136.16,2.42416
2004-03-06,19:53:42.319552,22431,11,21.282,44.3494,2.76,2.59354
2004-03-07,17:31:44.181996,25027,49,29.8472,29.2581,566.72,2.68742
2004-02-29,14:53:30.810247,4551,41,21.3898,39.1443,441.6,2.67532
2004-03-01,18:23:57.701446,7852,9,21.6446,40.7031,97.52,2.76242
2004-03-12,12:11:01.970894,38786,6,22.1052,43.1858,1199.68,2.48502
2004-03-08,15:23:30.316617,27651,34,22.7422,41.9818,1847.36,2.60491
2004-03-20,23:56:36.109654,63236,22,20.547,45.572,0.46,2.27556
2004-02-28,14:17:18.790563,1599,41,25.5352,29.9691,964.16,2.74963
2004-03-11,20:48:28.008221,36941,49,22.5364,37.7792,101.2,2.52732
2004-03-13,13:27:07.21382,41818,13,24.2514,43.0858,920.0,2.52732
2004-02-29,00:38:49.307148,2842,9,18.979,40.7031,104.88,2.74963
2004-03-19,03:13:55.531505,57871,16,122.153,-3.91901,0.92,2.20788
2004-03-03,15:31:26.143125,13267,14,24.5552,30.9254,172.96,2.71196
2004-03-08,09:53:38.704237,26991,50,21.527,46.6232,1847.36,2.60491
2004-03-07,01:27:39.257259,23099,39,21.2036,42.6516,165.6,2.61639
2004-03-29,00:37:14.796561,49882,47,122.153,-3.91901,772.8,2.1997
2004-04-01,02:12:18.585953,58712,40,122.153,-4.0,0.92,2.048
2004-03-09,12:48:36.396465,30221,7,21.6544,45.3083,250.24,2.59354
2004-03-05,08:34:35.905152,18193,7,25.1236,29.9336,338.56,2.66332
2004-03-14,09:43:04.032127,44250,30,27.75,30.4655,1847.36,2.57108
2004-03-05,05:45:30.994758,17855,25,18.2244,39.6539,0.92,2.60491
2004-03-04,21:21:04.580333,16846,21,21.8112,36.0603,104.88,2.63964
